id;first_name;last_name;email;phone_number;address
1;Margarida;Xavier;Isaac.Braga79@yahoo.com;uh-huh thunderous;time but
2;Marina;Moreira;Lorenzo.Nogueira@gmail.com;dry ack;outside accept carefully
3;Breno;Reis;Emanuelly.Macedo@gmail.com;destination concept absent;remainder
4;Rebeca;Souza;Pietro18@gmail.com;scaly finally;cap excluding fondly
5;Alessandra;Oliveira;PedroHenrique58@gmail.com;what gadzooks;unimpressively
6;Dalila;Reis;Liz_Reis@yahoo.com;ugh next;colorful or politely
7;NÃºbia;Costa;Janaina_Franco90@yahoo.com;instantly curly;if irresponsible oh
8;Lorena;Melo;Clara_Franco90@yahoo.com;thoughtfully warp whinny;muddy consequently bossy
9;Joana;Nogueira;Elisa_Melo0@gmail.com;sphynx heirloom longingly;blissfully aha oh
10;Isadora;Nogueira;Danilo.Batista41@hotmail.com;civilization reinvest amenity;sleepy rubric
